<metadata xml:lang="de"><Esri><CreaDate>20190613</CreaDate><CreaTime>11265800</CreaTime><ArcGISFormat>1.0</ArcGISFormat><SyncOnce>FALSE</SyncOnce><DataProperties><itemProps><itemName Sync="TRUE">waldreservate_auswertung_flaeche</itemName><imsContentType Sync="TRUE">002</imsContentType><itemLocation><linkage Sync="TRUE">file://\\IMPULS-001\C$\Daten_lokal\GIS_temp\waldres_temp\karte\waldreservate_x_auswertung\shape\waldreservate_auswertung_flaeche.shp</linkage><protocol Sync="TRUE">Local Area Network</protocol></itemLocation><itemSize Sync="TRUE">0.000</itemSize></itemProps><coordRef><type Sync="TRUE">Projected</type><geogcsn Sync="TRUE">GCS_CH1903+</geogcsn><csUnits Sync="TRUE">Linear Unit: Meter (1.000000)</csUnits><projcsn Sync="TRUE">CH1903+_LV95</projcsn><peXml Sync="TRUE">&lt;ProjectedCoordinateSystem xsi:type='typens:ProjectedCoordinateSystem' xmlns:xsi='http://www.w3.org/2001/XMLSchema-instance' xmlns:xs='http://www.w3.org/2001/XMLSchema' xmlns:typens='http://www.esri.com/schemas/ArcGIS/10.6'&gt;&lt;WKT&gt;PROJCS[&amp;quot;CH1903+_LV95&amp;quot;,GEOGCS[&amp;quot;GCS_CH1903+&amp;quot;,DATUM[&amp;quot;D_CH1903+&amp;quot;,SPHEROID[&amp;quot;Bessel_1841&amp;quot;,6377397.155,299.1528128]],PRIMEM[&amp;quot;Greenwich&amp;quot;,0.0],UNIT[&amp;quot;Degree&amp;quot;,0.0174532925199433]],PROJECTION[&amp;quot;Hotine_Oblique_Mercator_Azimuth_Center&amp;quot;],PARAMETER[&amp;quot;False_Easting&amp;quot;,2600000.0],PARAMETER[&amp;quot;False_Northing&amp;quot;,1200000.0],PARAMETER[&amp;quot;Scale_Factor&amp;quot;,1.0],PARAMETER[&amp;quot;Azimuth&amp;quot;,90.0],PARAMETER[&amp;quot;Longitude_Of_Center&amp;quot;,7.439583333333333],PARAMETER[&amp;quot;Latitude_Of_Center&amp;quot;,46.95240555555556],UNIT[&amp;quot;Meter&amp;quot;,1.0],AUTHORITY[&amp;quot;EPSG&amp;quot;,2056]]&lt;/WKT&gt;&lt;XOrigin&gt;-27386400&lt;/XOrigin&gt;&lt;YOrigin&gt;-32067900&lt;/YOrigin&gt;&lt;XYScale&gt;140996569.55187955&lt;/XYScale&gt;&lt;ZOrigin&gt;-100000&lt;/ZOrigin&gt;&lt;ZScale&gt;10000&lt;/ZScale&gt;&lt;MOrigin&gt;-100000&lt;/MOrigin&gt;&lt;MScale&gt;10000&lt;/MScale&gt;&lt;XYTolerance&gt;0.001&lt;/XYTolerance&gt;&lt;ZTolerance&gt;0.001&lt;/ZTolerance&gt;&lt;MTolerance&gt;0.001&lt;/MTolerance&gt;&lt;HighPrecision&gt;true&lt;/HighPrecision&gt;&lt;WKID&gt;2056&lt;/WKID&gt;&lt;LatestWKID&gt;2056&lt;/LatestWKID&gt;&lt;/ProjectedCoordinateSystem&gt;</peXml></coordRef><lineage><Process Name="Select" ToolSource="c:\program files (x86)\arcgis\desktop10.6\ArcToolbox\Toolboxes\Analysis Tools.tbx\Select" Date="20190613" Time="112658">Select C:\Daten_lokal\GIS_temp\waldres_temp\karte\waldreservate_work.gdb\c_auswertungen\c2_Kt_WIREG_PRODREG C:\Daten_lokal\GIS_temp\waldres_temp\karte\z_temp.gdb\c2_Kt_WIREG_PRODREG_Select2 "KT_NR &lt;&gt; 27"</Process><Process Name="Intersect" ToolSource="c:\program files (x86)\arcgis\desktop10.6\ArcToolbox\Toolboxes\Analysis Tools.tbx\Intersect" Date="20190613" Time="114632">Intersect "C:\Daten_lokal\GIS_temp\waldres_temp\karte\z_temp.gdb\c2_Kt_WIREG_PRODREG_Select2 #;C:\Daten_lokal\GIS_temp\waldres_temp\karte\z_temp.gdb\c4_wald_lfi2 #" C:\Daten_lokal\GIS_temp\waldres_temp\karte\z_temp.gdb\c4_basisattribute_bei_res NO_FID # INPUT</Process><Process Name="Dissolve (5)" ToolSource="c:\program files (x86)\arcgis\desktop10.6\ArcToolbox\Toolboxes\Data Management Tools.tbx\Dissolve" Date="20190613" Time="114756">Dissolve C:\Daten_lokal\GIS_temp\waldres_temp\karte\z_temp.gdb\c4_basisattribute_bei_res C:\Daten_lokal\GIS_temp\waldres_temp\karte\waldreservate_work.gdb\c_auswertungen\c7_basisattribute_bei_reservaten KT_RAUM;WIREG;PRODREG;WALD;HOESTUF;HOESTUFKLA;HSHLTL # MULTI_PART DISSOLVE_LINES</Process><Process Name="Repair Geometry" ToolSource="c:\program files (x86)\arcgis\desktop10.6\ArcToolbox\Toolboxes\Data Management Tools.tbx\RepairGeometry" Date="20190613" Time="115331">RepairGeometry C:\Daten_lokal\GIS_temp\waldres_temp\karte\waldreservate_work.gdb\c_auswertungen\c7_basisattribute_bei_reservaten DELETE_NULL</Process><Process Name="Intersect" ToolSource="c:\program files (x86)\arcgis\desktop10.6\ArcToolbox\Toolboxes\Analysis Tools.tbx\Intersect" Date="20190613" Time="153553">Intersect "C:\Daten_lokal\GIS_temp\waldres_temp\karte\waldreservate_work.gdb\c_auswertungen\c7_basisattribute_bei_reservaten #;C:\Daten_lokal\GIS_temp\waldres_temp\karte\waldreservate_work.gdb\c_auswertungen\c6_reservate_12_14_16_18 #" C:\Daten_lokal\GIS_temp\waldres_temp\karte\waldreservate_work.gdb\c_auswertungen\c7c_finish_flaechenauswertung ALL # INPUT</Process><Process Name="Alter Field" ToolSource="c:\program files (x86)\arcgis\desktop10.6\ArcToolbox\Toolboxes\Data Management Tools.tbx\AlterField" Date="20190613" Time="154239">AlterField C:\Daten_lokal\GIS_temp\waldres_temp\karte\waldreservate_work.gdb\c_auswertungen\c7c_finish_flaechenauswertung WALD WALD_2 WALD_2 SHORT 2 NULLABLE false</Process><Process Name="Add Field (3)" ToolSource="c:\program files (x86)\arcgis\desktop10.6\ArcToolbox\Toolboxes\Data Management Tools.tbx\AddField" Date="20190613" Time="154243">AddField C:\Daten_lokal\GIS_temp\waldres_temp\karte\waldreservate_work.gdb\c_auswertungen\c7c_finish_flaechenauswertung WALD SHORT # # # # NULLABLE NON_REQUIRED #</Process><Process Name="Calculate Field (2)" ToolSource="c:\program files (x86)\arcgis\desktop10.6\ArcToolbox\Toolboxes\Data Management Tools.tbx\CalculateField" Date="20190613" Time="154327">CalculateField C:\Daten_lokal\GIS_temp\waldres_temp\karte\waldreservate_work.gdb\c_auswertungen\c7c_finish_flaechenauswertung WALD "!WALD_2! + !NurWald!" PYTHON_9.3 #</Process><Process Name="Delete Field (2)" ToolSource="c:\program files (x86)\arcgis\desktop10.6\ArcToolbox\Toolboxes\Data Management Tools.tbx\DeleteField" Date="20190613" Time="154442">DeleteField C:\Daten_lokal\GIS_temp\waldres_temp\karte\waldreservate_work.gdb\c_auswertungen\c7c_finish_flaechenauswertung FID_c7_basisattribute_bei_reservaten;WALD_2;FID_c6_reservate_12_14_16_18;NurWald;Z_TEMP</Process><Process Name="Add Field" ToolSource="c:\program files (x86)\arcgis\desktop10.6\ArcToolbox\Toolboxes\Data Management Tools.tbx\AddField" Date="20190613" Time="154501">AddField C:\Daten_lokal\GIS_temp\waldres_temp\karte\waldreservate_work.gdb\c_auswertungen\c7c_finish_flaechenauswertung AREA_HA DOUBLE # # # # NULLABLE NON_REQUIRED #</Process><Process Name="Calculate Field" ToolSource="c:\program files (x86)\arcgis\desktop10.6\ArcToolbox\Toolboxes\Data Management Tools.tbx\CalculateField" Date="20190613" Time="154507">CalculateField C:\Daten_lokal\GIS_temp\waldres_temp\karte\waldreservate_work.gdb\c_auswertungen\c7c_finish_flaechenauswertung AREA_HA "[Shape_Area] / 10000" VB #</Process><Process ToolSource="c:\program files (x86)\arcgis\desktop10.6\ArcToolbox\Toolboxes\Data Management Tools.tbx\CalculateField" Date="20190613" Time="154826">CalculateField c7c_finish_flaechenauswertung ProNat2016 11 VB #</Process><Process ToolSource="c:\program files (x86)\arcgis\desktop10.6\ArcToolbox\Toolboxes\Data Management Tools.tbx\CalculateField" Date="20190613" Time="155014">CalculateField c7c_finish_flaechenauswertung ProNat2016 10 VB #</Process><Process ToolSource="c:\program files (x86)\arcgis\desktop10.6\ArcToolbox\Toolboxes\Data Management Tools.tbx\CalculateField" Date="20190613" Time="155203">CalculateField c7c_finish_flaechenauswertung ProNat2016 1 VB #</Process><Process ToolSource="c:\program files (x86)\arcgis\desktop10.6\ArcToolbox\Toolboxes\Data Management Tools.tbx\CalculateField" Date="20190617" Time="085108">CalculateField c7c_finish_flaechenauswertung WALD 100 VB #</Process><Process Name="Feature Class to Feature Class" ToolSource="c:\program files (x86)\arcgis\desktop10.6\ArcToolbox\Toolboxes\Conversion Tools.tbx\FeatureClassToFeatureClass" Date="20190617" Time="150449">FeatureClassToFeatureClass C:\Daten_lokal\GIS_temp\waldres_temp\karte\waldreservate_work.gdb\c_auswertungen\c7c_finish_flaechenauswertung C:\Daten_lokal\GIS_temp\waldres_temp\karte\waldreservate_x_auswertung\waldreservate_x_auswertung.mdb waldreservate_auswertung_flaeche # "KT_RAUM "KT_RAUM" true true false 2 Text 0 0 ,First,#,C:\Daten_lokal\GIS_temp\waldres_temp\karte\waldreservate_work.gdb\c_auswertungen\c7c_finish_flaechenauswertung,KT_RAUM,-1,-1;WIREG "WIREG" true true false 4 Long 0 0 ,First,#,C:\Daten_lokal\GIS_temp\waldres_temp\karte\waldreservate_work.gdb\c_auswertungen\c7c_finish_flaechenauswertung,WIREG,-1,-1;PRODREG "PRODREG" true true false 4 Long 0 0 ,First,#,C:\Daten_lokal\GIS_temp\waldres_temp\karte\waldreservate_work.gdb\c_auswertungen\c7c_finish_flaechenauswertung,PRODREG,-1,-1;HOESTUF "HOESTUF" true true false 4 Long 0 0 ,First,#,C:\Daten_lokal\GIS_temp\waldres_temp\karte\waldreservate_work.gdb\c_auswertungen\c7c_finish_flaechenauswertung,HOESTUF,-1,-1;HOESTUFKLA "HOESTUFKLA" true true false 4 Long 0 0 ,First,#,C:\Daten_lokal\GIS_temp\waldres_temp\karte\waldreservate_work.gdb\c_auswertungen\c7c_finish_flaechenauswertung,HOESTUFKLA,-1,-1;HSHLTL "HSHLTL" true true false 4 Long 0 0 ,First,#,C:\Daten_lokal\GIS_temp\waldres_temp\karte\waldreservate_work.gdb\c_auswertungen\c7c_finish_flaechenauswertung,HSHLTL,-1,-1;ObjNr2012 "ObjNr2012" true true false 254 Text 0 0 ,First,#,C:\Daten_lokal\GIS_temp\waldres_temp\karte\waldreservate_work.gdb\c_auswertungen\c7c_finish_flaechenauswertung,ObjNr2012,-1,-1;MCPFE_2012 "MCPFE_2012" true true false 254 Text 0 0 ,First,#,C:\Daten_lokal\GIS_temp\waldres_temp\karte\waldreservate_work.gdb\c_auswertungen\c7c_finish_flaechenauswertung,MCPFE_2012,-1,-1;Z_KT_2012 "Z_KT_2012" true true false 2 Text 0 0 ,First,#,C:\Daten_lokal\GIS_temp\waldres_temp\karte\waldreservate_work.gdb\c_auswertungen\c7c_finish_flaechenauswertung,Z_KT_2012,-1,-1;RTYP1_2012 "RTYP1_2012" true true false 8 Double 0 0 ,First,#,C:\Daten_lokal\GIS_temp\waldres_temp\karte\waldreservate_work.gdb\c_auswertungen\c7c_finish_flaechenauswertung,RTYP1_2012,-1,-1;RTYP2_2012 "RTYP2_2012" true true false 3 Text 0 0 ,First,#,C:\Daten_lokal\GIS_temp\waldres_temp\karte\waldreservate_work.gdb\c_auswertungen\c7c_finish_flaechenauswertung,RTYP2_2012,-1,-1;ObjNr2014 "ObjNr2014" true true false 254 Text 0 0 ,First,#,C:\Daten_lokal\GIS_temp\waldres_temp\karte\waldreservate_work.gdb\c_auswertungen\c7c_finish_flaechenauswertung,ObjNr2014,-1,-1;MCPFE_2014 "MCPFE_2014" true true false 254 Text 0 0 ,First,#,C:\Daten_lokal\GIS_temp\waldres_temp\karte\waldreservate_work.gdb\c_auswertungen\c7c_finish_flaechenauswertung,MCPFE_2014,-1,-1;Z_KT_2014 "Z_KT_2014" true true false 2 Text 0 0 ,First,#,C:\Daten_lokal\GIS_temp\waldres_temp\karte\waldreservate_work.gdb\c_auswertungen\c7c_finish_flaechenauswertung,Z_KT_2014,-1,-1;RTYP1_2014 "RTYP1_2014" true true false 8 Double 0 0 ,First,#,C:\Daten_lokal\GIS_temp\waldres_temp\karte\waldreservate_work.gdb\c_auswertungen\c7c_finish_flaechenauswertung,RTYP1_2014,-1,-1;RTYP2_2014 "RTYP2_2014" true true false 3 Text 0 0 ,First,#,C:\Daten_lokal\GIS_temp\waldres_temp\karte\waldreservate_work.gdb\c_auswertungen\c7c_finish_flaechenauswertung,RTYP2_2014,-1,-1;ObjNr2016 "ObjNr2016" true true false 254 Text 0 0 ,First,#,C:\Daten_lokal\GIS_temp\waldres_temp\karte\waldreservate_work.gdb\c_auswertungen\c7c_finish_flaechenauswertung,ObjNr2016,-1,-1;MCPFE_2016 "MCPFE_2016" true true false 254 Text 0 0 ,First,#,C:\Daten_lokal\GIS_temp\waldres_temp\karte\waldreservate_work.gdb\c_auswertungen\c7c_finish_flaechenauswertung,MCPFE_2016,-1,-1;ProNat2016 "ProNat2016" true true false 2 Short 0 0 ,First,#,C:\Daten_lokal\GIS_temp\waldres_temp\karte\waldreservate_work.gdb\c_auswertungen\c7c_finish_flaechenauswertung,ProNat2016,-1,-1;Z_KT_2016 "Z_KT_2016" true true false 2 Text 0 0 ,First,#,C:\Daten_lokal\GIS_temp\waldres_temp\karte\waldreservate_work.gdb\c_auswertungen\c7c_finish_flaechenauswertung,Z_KT_2016,-1,-1;RTYP1_2016 "RTYP1_2016" true true false 8 Double 0 0 ,First,#,C:\Daten_lokal\GIS_temp\waldres_temp\karte\waldreservate_work.gdb\c_auswertungen\c7c_finish_flaechenauswertung,RTYP1_2016,-1,-1;RTYP2_2016 "RTYP2_2016" true true false 3 Text 0 0 ,First,#,C:\Daten_lokal\GIS_temp\waldres_temp\karte\waldreservate_work.gdb\c_auswertungen\c7c_finish_flaechenauswertung,RTYP2_2016,-1,-1;ObjNr2018 "ObjNr2018" true true false 254 Text 0 0 ,First,#,C:\Daten_lokal\GIS_temp\waldres_temp\karte\waldreservate_work.gdb\c_auswertungen\c7c_finish_flaechenauswertung,ObjNr2018,-1,-1;MCPFE_2018 "MCPFE_2018" true true false 254 Text 0 0 ,First,#,C:\Daten_lokal\GIS_temp\waldres_temp\karte\waldreservate_work.gdb\c_auswertungen\c7c_finish_flaechenauswertung,MCPFE_2018,-1,-1;Schutzjahr "Schutzjahr" true true false 4 Long 0 0 ,First,#,C:\Daten_lokal\GIS_temp\waldres_temp\karte\waldreservate_work.gdb\c_auswertungen\c7c_finish_flaechenauswertung,Schutzjahr,-1,-1;Grundlage "Grundlage" true true false 250 Text 0 0 ,First,#,C:\Daten_lokal\GIS_temp\waldres_temp\karte\waldreservate_work.gdb\c_auswertungen\c7c_finish_flaechenauswertung,Grundlage,-1,-1;Grundlage2 "Grundlage2" true true false 30 Text 0 0 ,First,#,C:\Daten_lokal\GIS_temp\waldres_temp\karte\waldreservate_work.gdb\c_auswertungen\c7c_finish_flaechenauswertung,Grundlage2,-1,-1;ProNat2018 "ProNat2018" true true false 2 Short 0 0 ,First,#,C:\Daten_lokal\GIS_temp\waldres_temp\karte\waldreservate_work.gdb\c_auswertungen\c7c_finish_flaechenauswertung,ProNat2018,-1,-1;Z_KT_2018 "Z_KT_2018" true true false 2 Text 0 0 ,First,#,C:\Daten_lokal\GIS_temp\waldres_temp\karte\waldreservate_work.gdb\c_auswertungen\c7c_finish_flaechenauswertung,Z_KT_2018,-1,-1;RTYP1_2018 "RTYP1_2018" true true false 8 Double 0 0 ,First,#,C:\Daten_lokal\GIS_temp\waldres_temp\karte\waldreservate_work.gdb\c_auswertungen\c7c_finish_flaechenauswertung,RTYP1_2018,-1,-1;RTYP2_2018 "RTYP2_2018" true true false 3 Text 0 0 ,First,#,C:\Daten_lokal\GIS_temp\waldres_temp\karte\waldreservate_work.gdb\c_auswertungen\c7c_finish_flaechenauswertung,RTYP2_2018,-1,-1;NFA "NFA" true true false 4 Long 0 0 ,First,#,C:\Daten_lokal\GIS_temp\waldres_temp\karte\waldreservate_work.gdb\c_auswertungen\c7c_finish_flaechenauswertung,NFA,-1,-1;WALD "WALD" true true false 2 Short 0 0 ,First,#,C:\Daten_lokal\GIS_temp\waldres_temp\karte\waldreservate_work.gdb\c_auswertungen\c7c_finish_flaechenauswertung,WALD,-1,-1;AREA_HA "AREA_HA" true true false 8 Double 0 0 ,First,#,C:\Daten_lokal\GIS_temp\waldres_temp\karte\waldreservate_work.gdb\c_auswertungen\c7c_finish_flaechenauswertung,AREA_HA,-1,-1" #</Process><Process ToolSource="c:\program files (x86)\arcgis\desktop10.6\ArcToolbox\Toolboxes\Data Management Tools.tbx\CopyFeatures" Date="20190617" Time="150510">CopyFeatures C:\Daten_lokal\GIS_temp\waldres_temp\karte\waldreservate_x_auswertung\waldreservate_x_auswertung.mdb\waldreservate_auswertung_flaeche C:\Daten_lokal\GIS_temp\waldres_temp\karte\waldreservate_x_auswertung\shape\waldreservate_auswertung_flaeche.shp # 0 0 0</Process></lineage></DataProperties><SyncDate>20190617</SyncDate><SyncTime>15050100</SyncTime><ModDate>20190617</ModDate><ModTime>15050100</ModTime></Esri><dataIdInfo><envirDesc Sync="TRUE"> Version 6.2 (Build 9200) ; Esri ArcGIS 10.6.1.9273</envirDesc><dataLang><languageCode value="deu" Sync="TRUE"></languageCode><countryCode value="CHE" Sync="TRUE"></countryCode></dataLang><idCitation><resTitle Sync="TRUE">waldreservate_auswertung_flaeche</resTitle><presForm><PresFormCd value="005" Sync="TRUE"></PresFormCd></presForm></idCitation><spatRpType><SpatRepTypCd value="001" Sync="TRUE"></SpatRepTypCd></spatRpType></dataIdInfo><mdLang><languageCode value="deu" Sync="TRUE"></languageCode><countryCode value="CHE" Sync="TRUE"></countryCode></mdLang><distInfo><distFormat><formatName Sync="TRUE">Shapefile</formatName></distFormat><distTranOps><transSize Sync="TRUE">0.000</transSize></distTranOps></distInfo><mdHrLv><ScopeCd value="005" Sync="TRUE"></ScopeCd></mdHrLv><mdHrLvName Sync="TRUE">dataset</mdHrLvName><refSysInfo><RefSystem><refSysID><identCode code="2056" Sync="TRUE"></identCode><idCodeSpace Sync="TRUE">EPSG</idCodeSpace><idVersion Sync="TRUE">8.8(8.1.0)</idVersion></refSysID></RefSystem></refSysInfo><spatRepInfo><VectSpatRep><geometObjs Name="waldreservate_auswertung_flaeche"><geoObjTyp><GeoObjTypCd value="002" Sync="TRUE"></GeoObjTypCd></geoObjTyp><geoObjCnt Sync="TRUE">0</geoObjCnt></geometObjs><topLvl><TopoLevCd value="001" Sync="TRUE"></TopoLevCd></topLvl></VectSpatRep></spatRepInfo><spdoinfo><ptvctinf><esriterm Name="waldreservate_auswertung_flaeche"><efeatyp Sync="TRUE">Simple</efeatyp><efeageom code="4" Sync="TRUE"></efeageom><esritopo Sync="TRUE">FALSE</esritopo><efeacnt Sync="TRUE">0</efeacnt><spindex Sync="TRUE">FALSE</spindex><linrefer Sync="TRUE">FALSE</linrefer></esriterm></ptvctinf></spdoinfo><eainfo><detailed Name="waldreservate_auswertung_flaeche"><enttyp><enttypl Sync="TRUE">waldreservate_auswertung_flaeche</enttypl><enttypt Sync="TRUE">Feature Class</enttypt><enttypc Sync="TRUE">0</enttypc></enttyp><attr><attrlabl Sync="TRUE">FID</attrlabl><attalias Sync="TRUE">FID</attalias><attrtype Sync="TRUE">OID</attrtype><attwidth Sync="TRUE">4</attwidth><atprecis Sync="TRUE">0</atprecis><attscale Sync="TRUE">0</attscale><attrdef Sync="TRUE">Internal feature number.</attrdef><attrdefs Sync="TRUE">Esri</attrdefs><attrdomv><udom Sync="TRUE">Sequential unique whole numbers that are automatically generated.</udom></attrdomv></attr><attr><attrlabl Sync="TRUE">Shape</attrlabl><attalias Sync="TRUE">Shape</attalias><attrtype Sync="TRUE">Geometry</attrtype><attwidth Sync="TRUE">0</attwidth><atprecis Sync="TRUE">0</atprecis><attscale Sync="TRUE">0</attscale><attrdef Sync="TRUE">Feature geometry.</attrdef><attrdefs Sync="TRUE">Esri</attrdefs><attrdomv><udom Sync="TRUE">Coordinates defining the features.</udom></attrdomv></attr><attr><attrlabl Sync="TRUE">KT_RAUM</attrlabl><attalias Sync="TRUE">KT_RAUM</attalias><attrtype Sync="TRUE">String</attrtype><attwidth Sync="TRUE">2</attwidth><atprecis Sync="TRUE">0</atprecis><attscale Sync="TRUE">0</attscale></attr><attr><attrlabl Sync="TRUE">WIREG</attrlabl><attalias Sync="TRUE">WIREG</attalias><attrtype Sync="TRUE">Integer</attrtype><attwidth Sync="TRUE">10</attwidth><atprecis Sync="TRUE">10</atprecis><attscale Sync="TRUE">0</attscale></attr><attr><attrlabl Sync="TRUE">PRODREG</attrlabl><attalias Sync="TRUE">PRODREG</attalias><attrtype Sync="TRUE">Integer</attrtype><attwidth Sync="TRUE">10</attwidth><atprecis Sync="TRUE">10</atprecis><attscale Sync="TRUE">0</attscale></attr><attr><attrlabl Sync="TRUE">WALD</attrlabl><attalias Sync="TRUE">WALD</attalias><attrtype Sync="TRUE">Integer</attrtype><attwidth Sync="TRUE">5</attwidth><atprecis Sync="TRUE">5</atprecis><attscale Sync="TRUE">0</attscale></attr><attr><attrlabl Sync="TRUE">HOESTUF</attrlabl><attalias Sync="TRUE">HOESTUF</attalias><attrtype Sync="TRUE">Integer</attrtype><attwidth Sync="TRUE">10</attwidth><atprecis Sync="TRUE">10</atprecis><attscale Sync="TRUE">0</attscale></attr><attr><attrlabl Sync="TRUE">HOESTUFKLA</attrlabl><attalias Sync="TRUE">HOESTUFKLA</attalias><attrtype Sync="TRUE">Integer</attrtype><attwidth Sync="TRUE">10</attwidth><atprecis Sync="TRUE">10</atprecis><attscale Sync="TRUE">0</attscale></attr><attr><attrlabl Sync="TRUE">HSHLTL</attrlabl><attalias Sync="TRUE">HSHLTL</attalias><attrtype Sync="TRUE">Integer</attrtype><attwidth Sync="TRUE">10</attwidth><atprecis Sync="TRUE">10</atprecis><attscale Sync="TRUE">0</attscale></attr><attr><attrlabl Sync="TRUE">ObjNr2012</attrlabl><attalias Sync="TRUE">ObjNr2012</attalias><attrtype Sync="TRUE">String</attrtype><attwidth Sync="TRUE">254</attwidth><atprecis Sync="TRUE">0</atprecis><attscale Sync="TRUE">0</attscale></attr><attr><attrlabl Sync="TRUE">MCPFE_2012</attrlabl><attalias Sync="TRUE">MCPFE_2012</attalias><attrtype Sync="TRUE">String</attrtype><attwidth Sync="TRUE">254</attwidth><atprecis Sync="TRUE">0</atprecis><attscale Sync="TRUE">0</attscale></attr><attr><attrlabl Sync="TRUE">Z_KT_2012</attrlabl><attalias Sync="TRUE">Z_KT_2012</attalias><attrtype Sync="TRUE">String</attrtype><attwidth Sync="TRUE">2</attwidth><atprecis Sync="TRUE">0</atprecis><attscale Sync="TRUE">0</attscale></attr><attr><attrlabl Sync="TRUE">RTYP1_2012</attrlabl><attalias Sync="TRUE">RTYP1_2012</attalias><attrtype Sync="TRUE">Double</attrtype><attwidth Sync="TRUE">19</attwidth><atprecis Sync="TRUE">0</atprecis><attscale Sync="TRUE">0</attscale></attr><attr><attrlabl Sync="TRUE">RTYP2_2012</attrlabl><attalias Sync="TRUE">RTYP2_2012</attalias><attrtype Sync="TRUE">String</attrtype><attwidth Sync="TRUE">3</attwidth><atprecis Sync="TRUE">0</atprecis><attscale Sync="TRUE">0</attscale></attr><attr><attrlabl Sync="TRUE">ObjNr2014</attrlabl><attalias Sync="TRUE">ObjNr2014</attalias><attrtype Sync="TRUE">String</attrtype><attwidth Sync="TRUE">254</attwidth><atprecis Sync="TRUE">0</atprecis><attscale Sync="TRUE">0</attscale></attr><attr><attrlabl Sync="TRUE">MCPFE_2014</attrlabl><attalias Sync="TRUE">MCPFE_2014</attalias><attrtype Sync="TRUE">String</attrtype><attwidth Sync="TRUE">254</attwidth><atprecis Sync="TRUE">0</atprecis><attscale Sync="TRUE">0</attscale></attr><attr><attrlabl Sync="TRUE">Z_KT_2014</attrlabl><attalias Sync="TRUE">Z_KT_2014</attalias><attrtype Sync="TRUE">String</attrtype><attwidth Sync="TRUE">2</attwidth><atprecis Sync="TRUE">0</atprecis><attscale Sync="TRUE">0</attscale></attr><attr><attrlabl Sync="TRUE">RTYP1_2014</attrlabl><attalias Sync="TRUE">RTYP1_2014</attalias><attrtype Sync="TRUE">Double</attrtype><attwidth Sync="TRUE">19</attwidth><atprecis Sync="TRUE">0</atprecis><attscale Sync="TRUE">0</attscale></attr><attr><attrlabl Sync="TRUE">RTYP2_2014</attrlabl><attalias Sync="TRUE">RTYP2_2014</attalias><attrtype Sync="TRUE">String</attrtype><attwidth Sync="TRUE">3</attwidth><atprecis Sync="TRUE">0</atprecis><attscale Sync="TRUE">0</attscale></attr><attr><attrlabl Sync="TRUE">ObjNr2016</attrlabl><attalias Sync="TRUE">ObjNr2016</attalias><attrtype Sync="TRUE">String</attrtype><attwidth Sync="TRUE">254</attwidth><atprecis Sync="TRUE">0</atprecis><attscale Sync="TRUE">0</attscale></attr><attr><attrlabl Sync="TRUE">MCPFE_2016</attrlabl><attalias Sync="TRUE">MCPFE_2016</attalias><attrtype Sync="TRUE">String</attrtype><attwidth Sync="TRUE">254</attwidth><atprecis Sync="TRUE">0</atprecis><attscale Sync="TRUE">0</attscale></attr><attr><attrlabl Sync="TRUE">ProNat2016</attrlabl><attalias Sync="TRUE">ProNat2016</attalias><attrtype Sync="TRUE">Integer</attrtype><attwidth Sync="TRUE">5</attwidth><atprecis Sync="TRUE">5</atprecis><attscale Sync="TRUE">0</attscale></attr><attr><attrlabl Sync="TRUE">Z_KT_2016</attrlabl><attalias Sync="TRUE">Z_KT_2016</attalias><attrtype Sync="TRUE">String</attrtype><attwidth Sync="TRUE">2</attwidth><atprecis Sync="TRUE">0</atprecis><attscale Sync="TRUE">0</attscale></attr><attr><attrlabl Sync="TRUE">RTYP1_2016</attrlabl><attalias Sync="TRUE">RTYP1_2016</attalias><attrtype Sync="TRUE">Double</attrtype><attwidth Sync="TRUE">19</attwidth><atprecis Sync="TRUE">0</atprecis><attscale Sync="TRUE">0</attscale></attr><attr><attrlabl Sync="TRUE">RTYP2_2016</attrlabl><attalias Sync="TRUE">RTYP2_2016</attalias><attrtype Sync="TRUE">String</attrtype><attwidth Sync="TRUE">3</attwidth><atprecis Sync="TRUE">0</atprecis><attscale Sync="TRUE">0</attscale></attr><attr><attrlabl Sync="TRUE">ObjNr2018</attrlabl><attalias Sync="TRUE">ObjNr2018</attalias><attrtype Sync="TRUE">String</attrtype><attwidth Sync="TRUE">254</attwidth><atprecis Sync="TRUE">0</atprecis><attscale Sync="TRUE">0</attscale></attr><attr><attrlabl Sync="TRUE">MCPFE_2018</attrlabl><attalias Sync="TRUE">MCPFE_2018</attalias><attrtype Sync="TRUE">String</attrtype><attwidth Sync="TRUE">254</attwidth><atprecis Sync="TRUE">0</atprecis><attscale Sync="TRUE">0</attscale></attr><attr><attrlabl Sync="TRUE">Schutzjahr</attrlabl><attalias Sync="TRUE">Schutzjahr</attalias><attrtype Sync="TRUE">Integer</attrtype><attwidth Sync="TRUE">10</attwidth><atprecis Sync="TRUE">10</atprecis><attscale Sync="TRUE">0</attscale></attr><attr><attrlabl Sync="TRUE">Grundlage</attrlabl><attalias Sync="TRUE">Grundlage</attalias><attrtype Sync="TRUE">String</attrtype><attwidth Sync="TRUE">250</attwidth><atprecis Sync="TRUE">0</atprecis><attscale Sync="TRUE">0</attscale></attr><attr><attrlabl Sync="TRUE">Grundlage2</attrlabl><attalias Sync="TRUE">Grundlage2</attalias><attrtype Sync="TRUE">String</attrtype><attwidth Sync="TRUE">30</attwidth><atprecis Sync="TRUE">0</atprecis><attscale Sync="TRUE">0</attscale></attr><attr><attrlabl Sync="TRUE">ProNat2018</attrlabl><attalias Sync="TRUE">ProNat2018</attalias><attrtype Sync="TRUE">Integer</attrtype><attwidth Sync="TRUE">5</attwidth><atprecis Sync="TRUE">5</atprecis><attscale Sync="TRUE">0</attscale></attr><attr><attrlabl Sync="TRUE">Z_KT_2018</attrlabl><attalias Sync="TRUE">Z_KT_2018</attalias><attrtype Sync="TRUE">String</attrtype><attwidth Sync="TRUE">2</attwidth><atprecis Sync="TRUE">0</atprecis><attscale Sync="TRUE">0</attscale></attr><attr><attrlabl Sync="TRUE">RTYP1_2018</attrlabl><attalias Sync="TRUE">RTYP1_2018</attalias><attrtype Sync="TRUE">Double</attrtype><attwidth Sync="TRUE">19</attwidth><atprecis Sync="TRUE">0</atprecis><attscale Sync="TRUE">0</attscale></attr><attr><attrlabl Sync="TRUE">RTYP2_2018</attrlabl><attalias Sync="TRUE">RTYP2_2018</attalias><attrtype Sync="TRUE">String</attrtype><attwidth Sync="TRUE">3</attwidth><atprecis Sync="TRUE">0</atprecis><attscale Sync="TRUE">0</attscale></attr><attr><attrlabl Sync="TRUE">NFA</attrlabl><attalias Sync="TRUE">NFA</attalias><attrtype Sync="TRUE">Integer</attrtype><attwidth Sync="TRUE">10</attwidth><atprecis Sync="TRUE">10</atprecis><attscale Sync="TRUE">0</attscale></attr><attr><attrlabl Sync="TRUE">AREA_HA</attrlabl><attalias Sync="TRUE">AREA_HA</attalias><attrtype Sync="TRUE">Double</attrtype><attwidth Sync="TRUE">19</attwidth><atprecis Sync="TRUE">0</atprecis><attscale Sync="TRUE">0</attscale></attr><attr><attrlabl Sync="TRUE">Shape_Leng</attrlabl><attalias Sync="TRUE">Shape_Leng</attalias><attrtype Sync="TRUE">Double</attrtype><attwidth Sync="TRUE">19</attwidth><atprecis Sync="TRUE">0</atprecis><attscale Sync="TRUE">0</attscale></attr><attr><attrlabl Sync="TRUE">Shape_Area</attrlabl><attalias Sync="TRUE">Shape_Area</attalias><attrtype Sync="TRUE">Double</attrtype><attwidth Sync="TRUE">19</attwidth><atprecis Sync="TRUE">0</atprecis><attscale Sync="TRUE">0</attscale><attrdef Sync="TRUE">Area of feature in internal units squared.</attrdef><attrdefs Sync="TRUE">Esri</attrdefs><attrdomv><udom Sync="TRUE">Positive real numbers that are automatically generated.</udom></attrdomv></attr></detailed></eainfo><mdDateSt Sync="TRUE">20190617</mdDateSt></metadata>
